index,ticker
0,AUB.AX
1,GLRE
2,GTS
3,EIG
4,AIZ
5,PRA
6,TRUP
7,AFL
8,CNO
9,UNM
10,IPG
11,YUME
12,OMC
13,NOC
14,TXT
15,ERJ
16,COL
17,TGI
18,DCO
19,UTX
20,ESL
21,AIR
22,HII
23,SPR
24,AVAV
25,RGR
26,HEI
27,DGI
28,GD
29,WWD
30,ISSC
31,BA
32,TDG
33,MOG-A
34,HEI-A
35,LMT
36,HXL
37,RTN
38,KAMN
39,LLL
40,MOS
41,SMG
42,AVD
43,MON
44,AGU
45,SYT
46,CF
47,POT
48,IPI
49,UAN
50,CGA
51,EXPD
52,FWRD
53,RRTS
54,MLNK
55,UPS
56,RLGT
57,XPO
58,HUBG
59,ATSG
60,CHRW
61,FDX
62,MIC
63,ASR
64,AAWW
65,AER
66,ACH
67,AA
68,CENX
69,KALU
70,CHS
71,GCO
72,CBK
73,GES
74,URBN
75,DSW
76,CATO
77,PLCE
78,AEO
79,GPS
80,CHKE
81,LB
82,NWY
83,SMRT
84,ASNA
85,BKE
86,DXLG
87,EXPR
88,ROST
89,SSI
90,ANF
91,SCVL
92,FRAN
93,DEST
94,TLYS
95,JWN
96,CTRN
97,IRBT
98,WHR
99,IMMR
100,QADA
101,MATR
102,BNFT
103,CRM
104,FALC
105,FIVN
106,CDK
107,CMCM
108,RP
109,BSQR
110,PRO
111,FTNT
112,DATA
113,IMPV
114,ORCL
115,ELLI
116,MITK
117,SNCR
118,ACTA
119,MOBL
120,EXA
121,STMP
122,AGYS
123,SYNA
124,GSB
125,ZEN
126,AMSWA
127,SAP
128,EIGI
129,RNG
130,MGIC
131,MODN
132,CVLT
133,TYPE
134,PRGS
135,PCTY
136,CSOD
137,ANSS
138,BCOV
139,MDRX
140,SPSC
141,BV
142,CDNS
143,NSIT
144,CNIT
145,EGOV
146,AWRE
147,ZIXI
148,OTEX
149,NQ
150,FEYE
151,QLYS
152,MANH
153,MSTR
154,NUAN
155,PFPT
156,SEAC
157,NTWK
158,RUBI
159,RHT
160,MSCI
161,ECOM
162,MRIN
163,CSLT
164,SMSI
165,HUBS
166,AMBR
167,KEYW
168,TWOU
169,RST
170,XNET
171,BSFT
172,SPLK
173,LXFT
174,ADBE
175,WDAY
176,LOGM
177,INTU
178,PAYC
179,BK
180,FIG
181,WHG
182,WETF
183,FII
184,FNGN
185,CG
186,MC
187,AB
188,VOYA
189,CNS
190,BLK
191,OAK
192,KKR
193,ASA
194,ARES
195,LAZ
196,BX
197,SEIC
198,AMG
199,STT
200,NOAH
201,AMP
202,PZN
203,ECPG
204,APAM
205,OZM
206,CSWC
207,HRZN
208,MN
209,EV
210,LM
211,IVZ
212,TROW
213,EVR
214,GROW
215,SFE
216,WDR
217,NTRS
218,BEN
219,GPI
220,KMX
221,SAH
222,ABG
223,CRMT
224,AN
225,CPRT
226,LAD
227,PAG
228,TTM
229,F
230,GM
231,KNDI
232,HMC
233,TSLA
234,SORL
235,TM
236,MTOR
237,LKQ
238,MNRO
239,LDL
240,CAAS
241,ALV
242,SUP
243,VOXX
244,THRM
245,DORM
246,UQM
247,MOD
248,TOWR
249,AXL
250,PLOW
251,ALSN
252,JCI
253,DLPH
254,SRI
255,BWA
256,GNTX
257,DAN
258,MPAA
259,ZX
260,CPS
261,SMP
262,MLR
263,WBC
264,LEA
265,VC
266,WPRT
267,TEN
268,AZO
269,ORLY
270,AAP
271,MGA
272,CVGI
273,GLP
274,BUD
275,TAP
276,SAM
277,BORN
278,FMX
279,BREW
280,CCE
281,SODA
282,PEP
283,COT
284,MNST
285,KOF
286,KO
287,REED
288,FIZZ
289,PRMW
290,DPS
291,DEO
292,STZ
293,BF-B
294,INO
295,XNCR
296,ALNY
297,PPHM
298,OVAS
299,BTX
300,IMDZ
301,ACOR
302,OPHT
303,PETX
304,GERN
305,FOMX
306,MRNS
307,ZFGN
308,FATE
309,IDRA
310,ARWR
311,ECYT
312,ATNM
313,APDN
314,PRTK
315,PDLI
316,CMRX
317,CORT
318,AST
319,BIIB
320,IMMY
321,VNDA
322,VSTM
323,OMED
324,CYTR
325,REPH
326,ARNA
327,ZIOP
328,AVXL
329,VCEL
330,NSTG
331,SNSS
332,KITE
333,RNN
334,FOLD
335,RGEN
336,BMRN
337,ALXN
338,RPRX
339,GNCA
340,NDRM
341,AGEN
342,IMGN
343,RGLS
344,FPRX
345,ANIK
346,CTIC
347,EGLT
348,ADXS
349,CGEN
350,PLX
351,STML
352,TSRO
353,JAZZ
354,LOXO
355,TBPH
356,CCXI
357,NVAX
358,AFMD
359,XLRN
360,ORMP
361,CANF
362,PFNX
363,BCLI
364,ENTA
365,MACK
366,TROV
367,REGN
368,NERV
369,TTNP
370,VCYT
371,GILD
372,EXAS
373,DERM
374,OMER
375,SRNE
376,CLVS
377,NAVB
378,OCUL
379,LJPC
380,ALDR
381,KERX
382,AGTC
383,SGMO
384,MDWD
385,GALE
386,AKAO
387,XON
388,MNOV
389,LGND
390,CNCE
391,TENX
392,QURE
393,CALA
394,KIN
395,LXRX
396,ACAD
397,BCRX
398,EPZM
399,INCY
400,CBM
401,CLSN
402,CDXS
403,RVNC
404,ESPR
405,ADHD
406,XXII
407,AVEO
408,ARDX
409,HALO
410,FGEN
411,CERU
412,ARQL
413,ACHN
414,SVA
415,CYTX
416,PTLA
417,EBS
418,CRIS
419,VICL
420,MGNX
421,PGNX
422,NLNK
423,SPPI
424,CNAT
425,DRNA
426,INSM
427,PRTA
428,CLDX
429,SGEN
430,ILMN
431,CEMP
432,NKTR
433,INSY
434,AMPE
435,OHRP
436,CERS
437,CUR
438,NWBO
439,EXEL
440,PSTI
441,ATHX
442,AEZS
443,MNKD
444,AKBA
445,MRTX
446,PTCT
447,EBIO
448,CRMD
449,PBYI
450,RARE
451,AMGN
452,CELG
453,TECH
454,VVUS
455,SRPT
456,RXDX
457,TGTX
458,ANIP
459,CYTK
460,SAGE
461,BDSI
462,CARA
463,CHRS
464,VTL
465,AGIO
466,TRVN
467,CBPO
468,IMMU
469,PACB
470,INFI
471,ARRY
472,VRTX
473,BLUE
474,ETM
475,P
476,TSQ
477,SALM
478,EMMS
479,CMLS
480,SIRI
481,EVC
482,NWSA
483,GTN
484,SNI
485,TV
486,AMCX
487,CETV
488,SBGI
489,LVNTA
490,NXST
491,LBRDK
492,LPX
493,HBP
494,AVY
495,CAJ
496,PBI
497,PAY
498,KNL
499,MLHR
500,SCS
501,HNI
502,WNS
503,CLCT
504,HCSG
505,TTEC
506,ACTG
507,EXLS
508,PCLN
509,FISV
510,CVO
511,MCO
512,NSP
513,CVEO
514,MMS
515,NEWT
516,ABM
517,PRAA
518,EEFT
519,G
520,VVI
521,ARC
522,DSS
523,WEX
524,ENV
525,TISI
526,VEC
527,ASFI
528,SRT
529,PFSW
530,CATM
531,SSTK
532,PRGX
533,ASPS
534,CTAS
535,WSTC
536,TNET
537,RBA
538,ADS
539,ABCO
540,CVG
541,RRD
542,SERV
543,VRSK
544,VNTV
545,PFMT
546,CBZ
547,CASS
548,LABL
549,CMPR
550,MARA
551,QUAD
552,RPXC
553,HMSY
554,OMEX
555,UEPS
556,REIS
557,FLT
558,SNX
559,GPN
560,ROL
561,DLX
562,QTWO
563,ASUR
564,DST
565,PRFT
566,EPAY
567,CSGS
568,MSFT
569,EGAN
570,GWRE
571,LPSN
572,PERI
573,CA
574,CALD
575,PCYG
576,CTSH
577,PEGA
578,SLP
579,IRM
580,FICO
581,VRNT
582,BLKB
583,NTCT
584,ADP
585,SREV
586,EBIX
587,DOX
588,CYBR
589,CARB
590,AZPN
591,DWCH
592,EVTC
593,FFIV
594,SPNS
595,JKHY
596,CTXS
597,SSNC
598,LQDT
599,QVCA
600,VIPS
601,W
602,LITB
603,AMZN
604,EVLV
605,OSTK
606,GAIA
607,MELI
608,LE
609,LBTYA
610,NFLX
611,DISCA
612,TIVO
613,DISH
614,CHTR
615,SJR
616,CX
617,EXP
618,CRH
619,BIOA
620,BAK
621,HUN
622,GEVO
623,PX
624,FMC
625,CE
626,CDXC
627,ASH
628,RTK
629,WLKP
630,EMN
631,LXU
632,SHLM
633,MTX
634,ACET
635,APD
636,RYAM
637,FF
638,SQM
639,TROX
640,BCPC
641,OCIP
642,TREC
643,BTI
644,PM
645,MO
646,VGR
647,TIS
648,SCL
649,ECL
650,CHD
651,TICC
652,PEO
653,CIEN
654,IDSY
655,NMRX
656,SONS
657,INFN
658,ALLT
659,VCRA
660,SATS
661,NOK
662,CUDA
663,QCOM
664,HLIT
665,CRNT
666,CALX
667,MSI
668,HRS
669,NTGR
670,KVHI
671,ATEN
672,CMTL
673,GILT
674,COMM
675,ADTN
676,LORL
677,AUDC
678,ARRS
679,HIVE
680,KN
681,CLFD
682,MITL
683,VSAT
684,RSYS
685,SSNI
686,DAKT
687,VJET
688,DDD
689,EFII
690,TACT
691,KTCC
692,SSYS
693,MRCY
694,OLED
695,TECD
696,HSY
697,MDLZ
698,TR
699,HRG
700,LPCN
701,CODI
702,IEP
703,STNG
704,PICO
705,NTRI
706,STB
707,NSU
708,FCX
709,SCCO
710,COF
711,EFX
712,CPSS
713,WRLD
714,TSS
715,MGI
716,HAWK
717,DFS
718,WU
719,TCAP
720,AGM
721,V
722,CIT
723,SLM
724,ATLC
725,PHH
726,QIWI
727,ENVA
728,CACC
729,GDOT
730,EZPW
731,AXP
732,FCFS
733,NAVI
734,MA
735,RM
736,SYF
737,NNI
738,DF
739,WDC
740,STX
741,BRCD
742,QTM
743,NTAP
744,TDC
745,SHLD
746,TJX
747,SHOS
748,M
749,KSS
750,BONT
751,DDS
752,JCP
753,QDEL
754,TRIB
755,SRDX
756,NEOG
757,IDXX
758,VRML
759,NYMX
760,VIVO
761,AMAG
762,TUES
763,WMT
764,TGT
765,BIG
766,COST
767,FRED
768,DLTR
769,DG
770,BURL
771,PSMT
772,TEO
773,WIFI
774,STRP
775,TI
776,GTT
777,DCM
778,CCI
779,EGHT
780,LMOS
781,I
782,LVLT
783,IDT
784,GOGO
785,ORBC
786,CCOI
787,TLK
788,IRDM
789,VG
790,DBD
791,HPQ
792,IDEA
793,XPLR
794,ANET
795,CRAY
796,MEI
797,AVX
798,LPL
799,SPA
800,OESX
801,NTP
802,GLW
803,CTRL
804,RVLT
805,APH
806,KEM
807,TEL
808,KE
809,CTS
810,PLUG
811,SANM
812,SIMO
813,AYI
814,ROG
815,BELFB
816,DLB
817,NEON
818,ORBK
819,VICR
820,RFIL
821,WIRE
822,MVIS
823,MXWL
824,AEIS
825,APO
826,NRT
827,MSB
828,ICE
829,CBOE
830,NDAQ
831,KCAP
832,MAIN
833,DMLP
834,BWEN
835,RAVN
836,AP
837,ITW
838,KAI
839,ZBRA
840,TWIN
841,GNRC
842,AZZ
843,MNTX
844,CFX
845,ATU
846,HON
847,THR
848,BGG
849,XRM
850,ROP
851,IEX
852,XYL
853,DCI
854,MMM
855,ITT
856,CMI
857,GE
858,ABB
859,CYD
860,MIDD
861,IR
862,AME
863,LII
864,HDSN
865,JBT
866,NDSN
867,XONE
868,FLS
869,GGG
870,ROK
871,ETN
872,DHR
873,POWL
874,CW
875,RXN
876,HI
877,CR
878,RBC
879,GRC
880,DOV
881,VVC
882,AVA
883,MDU
884,ALE
885,CZZ
886,UGI
887,NWE
888,EXC
889,TERP
890,PEGI
891,MGEE
892,BIP
893,PEG
894,NEP
895,DUK
896,WR
897,FCEL
898,NRG
899,OTTR
900,PNM
901,SRE
902,UTL
903,NI
904,JE
905,PETS
906,ALKS
907,VRX
908,ADMP
909,IPXL
910,RTRX
911,JNJ
912,ICPT
913,ALQA
914,BMY
915,MRK
916,ITCI
917,TNXP
918,RMTI
919,GSK
920,TXMD
921,GWPH
922,NNVC
923,PFE
924,NVS
925,ABBV
926,ZGNX
927,ALIM
928,TTPH
929,ANTH
930,AZN
931,AERI
932,SNY
933,HRTX
934,LLY
935,RPTP
936,PCRX
937,SGYP
938,MEIP
939,CRME
940,AGN
941,AMPH
942,DRRX
943,DEPO
944,TEVA
945,UTHR
946,PTX
947,OREX
948,DVAX
949,RDY
950,SCLN
951,AMRN
952,ENDP
953,NVO
954,CPIX
955,TARO
956,SCMP
957,PRGO
958,USNA
959,PMC
960,GNC
961,RAD
962,GALT
963,HZNP
964,ABT
965,MDCO
966,SCYX
967,MNK
968,IRWD
969,AKRX
970,MYL
971,PSDV
972,AGRX
973,CTLT
974,ADMS
975,DPLO
976,VSAR
977,CPRX
978,SPHS
979,EGRX
980,AQXP
981,MNTA
982,FLXN
983,SUPN
984,FCSC
985,RIGL
986,LCI
987,KPTI
988,ZTS
989,NBIX
990,MCK
991,ABC
992,CAH
993,UTI
994,GPX
995,EDU
996,STRA
997,LRN
998,DL
999,BPI
1000,LINC
1001,FC
1002,HMHC
1003,CPLA
1004,LOPE
1005,APOL
1006,APEI
1007,CECO
1008,HE
1009,PCG
1010,LNT
1011,CPN
1012,WEC
1013,NYLD
1014,EIX
1015,OGE
1016,ABY
1017,GXP
1018,BKH
1019,HNP
1020,SO
1021,CMS
1022,NEE
1023,AEE
1024,AES
1025,PAM
1026,DYN
1027,XEL
1028,KEP
1029,ED
1030,AT
1031,DTE
1032,EBR
1033,ETR
1034,PPL
1035,EE
1036,SCG
1037,PNW
1038,D
1039,ELP
1040,POR
1041,AEP
1042,ORA
1043,FE
1044,PHG
1045,VUZI
1046,FN
1047,SNE
1048,UEIC
1049,WATT
1050,KODK
1051,AAPL
1052,CONN
1053,BBY
1054,GME
1055,LFUS
1056,AVT
1057,WSO
1058,ARW
1059,RELL
1060,RADA
1061,DIS
1062,FOXA
1063,CBS
1064,VIAB
1065,LYV
1066,MCS
1067,IMAX
1068,ENT
1069,MSG
1070,CMCSA
1071,TWX
1072,WWE
1073,CAT
1074,DE
1075,LNN
1076,ASTE
1077,MTW
1078,AGCO
1079,CMCO
1080,TWI
1081,ALG
1082,CNHI
1083,TEX
1084,ADM
1085,BG
1086,LMNR
1087,FDP
1088,CVGW
1089,ANDE
1090,AGRO
1091,LNDC
1092,SANW
1093,SEED
1094,PPC
1095,CALM
1096,POST
1097,SAFM
1098,LANC
1099,PF
1100,FRPT
1101,ANFI
1102,CENT
1103,CHEF
1104,SPTN
1105,HAIN
1106,CORE
1107,SYY
1108,UNFI
1109,LYG
1110,HSBC
1111,SAN
1112,UBS
1113,SFBS
1114,BLX
1115,CS
1116,EWBC
1117,BCS
1118,BBVA
1119,BSBR
1120,BFR
1121,DB
1122,BPOP
1123,HDB
1124,FBP
1125,KB
1126,BSMX
1127,GGAL
1128,SMFG
1129,BBD
1130,ITUB
1131,BMA
1132,MFG
1133,CPL
1134,SGMS
1135,WBAI
1136,CHDN
1137,APU
1138,SMLP
1139,SXE
1140,ATO
1141,SWX
1142,WGL
1143,CNP
1144,CPK
1145,SPH
1146,NGG
1147,SJI
1148,CQH
1149,NWN
1150,CLNE
1151,OKE
1152,TGS
1153,NJR
1154,MAS
1155,CSTE
1156,TREX
1157,CBPX
1158,NCS
1159,APOG
1160,AAON
1161,PGEM
1162,USCR
1163,BECN
1164,DOOR
1165,OC
1166,AWI
1167,GFF
1168,MLM
1169,USG
1170,VMC
1171,NX
1172,PGTI
1173,UFPI
1174,IBP
1175,FIX
1176,EME
1177,MYRG
1178,CBI
1179,PWR
1180,SIX
1181,FUN
1182,MMYT
1183,CUK
1184,HMY
1185,EGI
1186,SAND
1187,NG
1188,VGZ
1189,AGI
1190,TRX
1191,AU
1192,EGO
1193,GFI
1194,GSS
1195,SA
1196,RIC
1197,NEM
1198,AUY
1199,LODE
1200,FNV
1201,AAU
1202,BTG
1203,NGD
1204,BAA
1205,RGLD
1206,PGLC
1207,IAG
1208,SBGL
1209,DRD
1210,ABX
1211,GG
1212,GORO
1213,AKG
1214,KGC
1215,AEM
1216,SFM
1217,SVU
1218,NGVC
1219,SFS
1220,CBD
1221,KR
1222,IMKTA
1223,CASY
1224,HUM
1225,MOH
1226,MGLN
1227,CVS
1228,ESRX
1229,ANTM
1230,WCG
1231,CI
1232,UNH
1233,AET
1234,HIIQ
1235,CNC
1236,HQY
1237,MDSO
1238,VEEV
1239,OMCL
1240,ATHN
1241,PINC
1242,HSTM
1243,QSII
1244,CERN
1245,CPSI
1246,AEGN
1247,MTZ
1248,GV
1249,LAYN
1250,DY
1251,GLDD
1252,ORN
1253,TPC
1254,FLR
1255,PRIM
1256,STRL
1257,AGX
1258,GVA
1259,KIRK
1260,RH
1261,BBBY
1262,WSM
1263,HVT
1264,PIR
1265,AMWD
1266,BSET
1267,MHK
1268,FBHS
1269,SCSS
1270,LEG
1271,LZB
1272,TPX
1273,EFOI
1274,HOFT
1275,LBY
1276,ETH
1277,LHCG
1278,ADUS
1279,CHE
1280,BIOS
1281,AMED
1282,AFAM
1283,HD
1284,LL
1285,TTS
1286,BLDR
1287,LOW
1288,THC
1289,LPNT
1290,CCM
1291,HCA
1292,SEM
1293,CYH
1294,UHS
1295,CLX
1296,NWL
1297,HELE
1298,EGN
1299,APC
1300,COP
1301,MCF
1302,VNOM
1303,NDRO
1304,EPD
1305,SGY
1306,EEQ
1307,COG
1308,EOG
1309,OXY
1310,MTDR
1311,PXD
1312,EXXI
1313,MCEP
1314,CNQ
1315,CPG
1316,JONE
1317,XCO
1318,MUR
1319,DKL
1320,XEC
1321,CNX
1322,SU
1323,CPE
1324,MVO
1325,DVN
1326,PHX
1327,CHK
1328,WPX
1329,MEMP
1330,LPI
1331,RRC
1332,EPE
1333,OAS
1334,PDCE
1335,NFX
1336,FANG
1337,SDR
1338,CRK
1339,SM
1340,EGY
1341,DNR
1342,ENLK
1343,NFG
1344,APA
1345,BCEI
1346,HUSA
1347,BTE
1348,ZN
1349,CLR
1350,BXE
1351,EPM
1352,AXAS
1353,GTE
1354,CIE
1355,CHKR
1356,PER
1357,PE
1358,ECR
1359,REN
1360,CRZO
1361,MRO
1362,ROYT
1363,EQT
1364,PBT
1365,SJT
1366,PQ
1367,GPOR
1368,SWN
1369,UPL
1370,HES
1371,TGA
1372,GNE
1373,VOC
1374,SN
1375,SDT
1376,GST
1377,NBL
1378,CRC
1379,KOS
1380,ARTX
1381,ULBI
1382,AMOT
1383,FELE
1384,MAG
1385,HPJ
1386,BLDP
1387,BDC
1388,AOS
1389,CUI
1390,OSIS
1391,AMSC
1392,LYTS
1393,HYGS
1394,EMR
1395,ENS
1396,AIMC
1397,REFR
1398,HOLI
1399,SNHY
1400,BGC
1401,NPO
1402,PNR
1403,TRS
1404,CIR
1405,MWA
1406,PH
1407,SXI
1408,WTS
1409,B
1410,NL
1411,FAST
1412,AIT
1413,WAIR
1414,AXE
1415,PKOH
1416,WCC
1417,MSM
1418,TITN
1419,HWCC
1420,HDS
1421,DXPE
1422,GWW
1423,MTRN
1424,CMP
1425,MUX
1426,SLCA
1427,AUMN
1428,HSC
1429,PVG
1430,DNN
1431,CCJ
1432,RIO
1433,AXU
1434,UAMY
1435,HCLP
1436,NAK
1437,GMO
1438,UEC
1439,NRP
1440,BHP
1441,BBL
1442,BVN
1443,FMSA
1444,ARLP
1445,GSM
1446,CLF
1447,TAHO
1448,TRQ
1449,VALE
1450,BTU
1451,HBM
1452,TGB
1453,CLD
1454,MORN
1455,BR
1456,FDS
1457,DNB
1458,LDOS
1459,NLSN
1460,ACN
1461,UIS
1462,SYNT
1463,NCR
1464,EPAM
1465,VNET
1466,FIS
1467,CDW
1468,CACI
1469,SYKE
1470,TIER
1471,RDWR
1472,IT
1473,GLOB
1474,IBM
1475,SABR
1476,NOW
1477,WIT
1478,CTG
1479,DMRC
1480,VRTU
1481,ACXM
1482,SAIC
1483,XRX
1484,ERIE
1485,AON
1486,EHTH
1487,BRO
1488,CRVL
1489,MMC
1490,AJG
1491,YNDX
1492,YHOO
1493,MEET
1494,BITA
1495,RATE
1496,JRJC
1497,JD
1498,TWTR
1499,NAME
1500,WIX
1501,LLNW
1502,TCX
1503,CRTO
1504,FENG
1505,GOOG
1506,VRSN
1507,CRCM
1508,TZOO
1509,SYNC
1510,TRIP
1511,AWAY
1512,FB
1513,ABTL
1514,BCOR
1515,WUBA
1516,ATHM
1517,AKAM
1518,SFUN
1519,GRPN
1520,CCIH
1521,GRUB
1522,SOHU
1523,MARK
1524,BIDU
1525,YELP
1526,GOOGL
1527,YY
1528,WB
1529,TTGT
1530,SIFY
1531,TRUE
1532,EQIX
1533,GIB
1534,TNAV
1535,COUP
1536,NTES
1537,RENN
1538,SPRT
1539,ULTI
1540,INXN
1541,VHC
1542,SINA
1543,JCOM
1544,ANGI
1545,INAP
1546,QNST
1547,LPLA
1548,CME
1549,COWN
1550,GCAP
1551,NMR
1552,LUK
1553,MS
1554,MKTX
1555,IBKR
1556,AMTD
1557,GS
1558,SCHW
1559,ETFC
1560,INTL
1561,BGCP
1562,SF
1563,GHL
1564,PJC
1565,ITG
1566,RJF
1567,OPY
1568,SIG
1569,TIF
1570,PRI
1571,PUK
1572,CIA
1573,LNC
1574,MFC
1575,FFG
1576,RGA
1577,LFC
1578,TMK
1579,GNW
1580,PFG
1581,AEL
1582,PRU
1583,MET
1584,STAY
1585,CTRP
1586,IHG
1587,HLT
1588,BEL
1589,HTHT
1590,CHH
1591,WYN
1592,MAR
1593,EXPE
1594,H
1595,RLH
1596,GNCMA
1597,EVHC
1598,NHC
1599,CIVI
1600,FVE
1601,ADK
1602,CSU
1603,BKD
1604,ENSG
1605,KND
1606,PCH
1607,CTT
1608,PATK
1609,RYN
1610,BCC
1611,DEL
1612,WY
1613,TKR
1614,HDNG
1615,KMT
1616,ROLL
1617,PRLB
1618,NNBR
1619,SWK
1620,UAL
1621,DAL
1622,AAL
1623,ZNH
1624,VLRS
1625,SAVE
1626,TOT
1627,RDS-B
1628,ECA
1629,E
1630,EC
1631,ANW
1632,EQM
1633,SSL
1634,PTR
1635,XOM
1636,PZE
1637,YPF
1638,STO
1639,BP
1640,IMO
1641,SNP
1642,CVX
1643,EXPO
1644,ICFI
1645,HIL
1646,NCI
1647,WAGE
1648,HCKT
1649,BAH
1650,FCN
1651,CRAI
1652,HURN
1653,NCMI
1654,AMCN
1655,MCHX
1656,CCO
1657,HHS
1658,ISIG
1659,BRFS
1660,TSN
1661,HRL
1662,WMGI
1663,EYES
1664,HOLX
1665,ARAY
1666,DRAD
1667,BSX
1668,IVC
1669,OPK
1670,KTWO
1671,RMD
1672,SPNC
1673,ELOS
1674,MASI
1675,VAR
1676,EDAP
1677,ZLTQ
1678,ACRX
1679,ISRG
1680,NVIV
1681,SYK
1682,ALGN
1683,EXAC
1684,SNN
1685,EW
1686,RTIX
1687,CSII
1688,NUVA
1689,CRY
1690,MDT
1691,MDXG
1692,AXGN
1693,STE
1694,NXTM
1695,APT
1696,OFIX
1697,GMED
1698,CNMD
1699,NVRO
1700,XENT
1701,BABY
1702,GNMK
1703,ABMD
1704,PDCO
1705,HSIC
1706,PBH
1707,OMI
1708,PODD
1709,HYH
1710,ANGO
1711,ELGX
1712,BVX
1713,HRC
1714,OSUR
1715,HBIO
1716,XRAY
1717,LMAT
1718,MTD
1719,ICUI
1720,BDX
1721,ATRC
1722,BCR
1723,TNDM
1724,HAE
1725,TFX
1726,ATRS
1727,IART
1728,MMSI
1729,BAX
1730,TRXC
1731,WAT
1732,COO
1733,WST
1734,STAA
1735,LMNX
1736,DXCM
1737,ABAX
1738,BRKR
1739,ALOG
1740,CRL
1741,ENZ
1742,BIO
1743,AXDX
1744,FMI
1745,RDNT
1746,CGIX
1747,Q
1748,DGX
1749,KANG
1750,NEO
1751,LH
1752,PKI
1753,ONVO
1754,FLDM
1755,CTSO
1756,PRXL
1757,ICLR
1758,BIOC
1759,CO
1760,TMO
1761,GHDX
1762,PRAH
1763,A
1764,GTLS
1765,ATI
1766,CRS
1767,TS
1768,HAYN
1769,CSTM
1770,VMI
1771,MLI
1772,GHM
1773,SHLO
1774,BRSS
1775,BOOM
1776,STBZ
1777,RY
1778,BMO
1779,GWB
1780,RNST
1781,BAC
1782,C
1783,BHBK
1784,FBNK
1785,MTU
1786,FRC
1787,OFG
1788,CM
1789,SFNC
1790,BSAC
1791,BAP
1792,PNC
1793,TD
1794,IBN
1795,JPM
1796,CMA
1797,OPB
1798,HOMB
1799,BNS
1800,STI
1801,WFC
1802,ALLY
1803,TREE
1804,WMC
1805,ESNT
1806,HTGC
1807,WD
1808,HTH
1809,AI
1810,WAC
1811,NSM
1812,PFSI
1813,SC
1814,OCN
1815,ATAX
1816,EFC
1817,MRLN
1818,IMH
1819,CNK
1820,RGC
1821,AMC
1822,RDI
1823,EROS
1824,AVID
1825,RNWK
1826,CYOU
1827,GIGM
1828,TTWO
1829,EA
1830,GLUU
1831,ATVI
1832,IGT
1833,ZNGA
1834,DGII
1835,ZAYO
1836,EXTR
1837,PANW
1838,SMCI
1839,CSCO
1840,JNPR
1841,FNSR
1842,BBOX
1843,GIMO
1844,AHGP
1845,HNRG
1846,WLB
1847,FELP
1848,DDC
1849,SXCP
1850,EBF
1851,ACCO
1852,SR
1853,CVE
1854,SSN
1855,UNT
1856,PBR-A
1857,DO
1858,HGT
1859,RIG
1860,WTI
1861,CXO
1862,PGH
1863,ICD
1864,RDC
1865,AAV
1866,SDRL
1867,HK
1868,PTEN
1869,ORIG
1870,VET
1871,RSPP
1872,NBR
1873,LGCY
1874,SDLP
1875,ATW
1876,NOG
1877,NE
1878,PES
1879,BBG
1880,HP
1881,ERF
1882,AR
1883,AREX
1884,WLL
1885,REI
1886,EVEP
1887,CEO
1888,ESV
1889,SD
1890,REXX
1891,MDR
1892,NOA
1893,WG
1894,GIFI
1895,ERA
1896,CRR
1897,BRS
1898,CCLP
1899,PDS
1900,EMES
1901,TDW
1902,PKD
1903,CLB
1904,TESO
1905,FTI
1906,RES
1907,BAS
1908,DNOW
1909,IO
1910,FTK
1911,GEOS
1912,PBFX
1913,OIS
1914,MRC
1915,NR
1916,NOV
1917,OII
1918,WFT
1919,MTRX
1920,NGS
1921,SLB
1922,DWSN
1923,CKH
1924,HLX
1925,DRQ
1926,FET
1927,KEG
1928,TTI
1929,HAL
1930,SPN
1931,HOS
1932,FI
1933,CEQP
1934,VLP
1935,TLP
1936,WES
1937,BPL
1938,PAA
1939,TRGP
1940,LNG
1941,SEMG
1942,ENBL
1943,CQP
1944,TEP
1945,ETE
1946,WGP
1947,CNNX
1948,EEP
1949,GEL
1950,WNRL
1951,AMID
1952,NSH
1953,DM
1954,SE
1955,KMI
1956,MPLX
1957,BKEP
1958,QEP
1959,AM
1960,SEP
1961,MMLP
1962,TRP
1963,WMB
1964,SGU
1965,SHLX
1966,USAC
1967,PAGP
1968,PBA
1969,NS
1970,MMP
1971,BWP
1972,ETP
1973,ENB
1974,HEP
1975,TCP
1976,BPT
1977,UGP
1978,INT
1979,WPZ
1980,ALDW
1981,ENLC
1982,VLO
1983,MPC
1984,CVRR
1985,FGP
1986,CLMT
1987,REGI
1988,CAPL
1989,PBF
1990,CVI
1991,HFC
1992,NGL
1993,DK
1994,PSX
1995,PSXP
1996,SRLP
1997,PKG
1998,ATR
1999,BERY
2000,IP
2001,CCK
2002,SEE
2003,OI
2004,VRTV
2005,SON
2006,BLL
2007,BMS
2008,GPK
2009,GEF
2010,TUP
2011,MINI
2012,SLGN
2013,UFS
2014,CLW
2015,NP
2016,SWM
2017,MERC
2018,FBR
2019,RFP
2020,ONP
2021,KS
2022,GLT
2023,AVP
2024,CL
2025,ENR
2026,NUS
2027,UL
2028,LFVN
2029,IPAR
2030,REV
2031,EL
2032,HLF
2033,SPB
2034,UN
2035,KMB
2036,COTY
2037,PG
2038,STON
2039,WTW
2040,WOOF
2041,HRB
2042,RGS
2043,SCI
2044,SFLY
2045,CSV
2046,BFAM
2047,MATW
2048,GPRO
2049,BTN
2050,TNC
2051,CLIR
2052,HCCI
2053,FSS
2054,FTEK
2055,CCC
2056,ERII
2057,CECE
2058,FLEX
2059,PLXS
2060,JBL
2061,TTMI
2062,CLS
2063,KBAL
2064,BHE
2065,LNCE
2066,MKC
2067,SJM
2068,K
2069,THS
2070,SNAK
2071,GIS
2072,BGS
2073,CPB
2074,INGR
2075,FLO
2076,MGPI
2077,CAG
2078,JBSS
2079,OME
2080,PLT
2081,CLGX
2082,SAFT
2083,WRB
2084,MKL
2085,RE
2086,CINF
2087,ANAT
2088,UIHC
2089,KMPR
2090,RNR
2091,VR
2092,HIG
2093,HRTG
2094,ORI
2095,L
2096,MBI
2097,MCY
2098,SIGI
2099,ALL
2100,HCI
2101,PGR
2102,AFH
2103,AMSF
2104,AFG
2105,RDN
2106,UVE
2107,AHL
2108,NGHC
2109,MHLD
2110,STC
2111,AFSI
2112,EMCI
2113,XL
2114,TPRE
2115,BWINB
2116,STFC
2117,HMN
2118,RLI
2119,SNC
2120,CB
2121,MTG
2122,Y
2123,THG
2124,NAVG
2125,SLF
2126,CNA
2127,TRV
2128,AIG
2129,HCC
2130,UFCS
2131,IPCC
2132,HALL
2133,ACGL
2134,FNHC
2135,AXS
2136,FAF
2137,ADC
2138,JLL
2139,LEJU
2140,TRC
2141,CSGP
2142,RMAX
2143,RLGY
2144,CBG
2145,AKR
2146,LMRK
2147,FCE-A
2148,KW
2149,WPG
2150,OUT
2151,HF
2152,Z
2153,JW-A
2154,PSO
2155,SCHL
2156,TRCO
2157,LEE
2158,NYT
2159,SSP
2160,AHC
2161,GCI
2162,NEWM
2163,MDP
2164,TIME
2165,TRI
2166,GWR
2167,FSTR
2168,USDP
2169,UNP
2170,CSX
2171,TRN
2172,GBX
2173,NSC
2174,ARII
2175,RAIL
2176,KSU
2177,CP
2178,CNI
2179,GSH
2180,WAB
2181,GRBK
2182,FOR
2183,XIN
2184,GZT
2185,BAM
2186,LGIH
2187,BPY
2188,MMI
2189,CCS
2190,INN
2191,JOE
2192,ALEX
2193,HHC
2194,LTRPA
2195,FOSL
2196,TOUR
2197,MOV
2198,TVPT
2199,BC
2200,HOG
2201,PII
2202,FOXF
2203,WGO
2204,MPX
2205,THO
2206,AMNB
2207,FBNC
2208,CHFN
2209,WSBC
2210,BNCN
2211,SBSI
2212,CHCO
2213,FCBC
2214,UBSH
2215,UCBI
2216,BANR
2217,ABCB
2218,LION
2219,BOCH
2220,SASR
2221,TBBK
2222,SBNY
2223,SNV
2224,UBSI
2225,BMTC
2226,EGBN
2227,TOWN
2228,CZNC
2229,FISI
2230,SBCF
2231,SSB
2232,LCNB
2233,WSFS
2234,BKU
2235,BUSE
2236,HBAN
2237,FFBC
2238,FBIZ
2239,NBHC
2240,GABC
2241,CHFC
2242,FITB
2243,TFSL
2244,IBCP
2245,CBU
2246,KEY
2247,MSFG
2248,SRCE
2249,WTFC
2250,MBWM
2251,THFF
2252,ONB
2253,FMNB
2254,USB
2255,MBFI
2256,CBSH
2257,PRK
2258,PEBO
2259,MCBC
2260,LKFN
2261,OSBC
2262,FRME
2263,FMBI
2264,FLIC
2265,CUBI
2266,FRBK
2267,UVSP
2268,WBS
2269,FNLC
2270,HTBI
2271,SNBC
2272,BDGE
2273,TMP
2274,MTB
2275,NFBK
2276,STBA
2277,CNOB
2278,ORIT
2279,BCBP
2280,VLY
2281,LBAI
2282,HBNC
2283,CAC
2284,BNCL
2285,ASRV
2286,BPFH
2287,FULT
2288,NBTB
2289,AROW
2290,MBTF
2291,INDB
2292,PGC
2293,WASH
2294,TRST
2295,CCNE
2296,FCF
2297,BOH
2298,UMPQ
2299,PPBI
2300,WAL
2301,GBCI
2302,PCBK
2303,FFNW
2304,ZION
2305,HFWA
2306,HTBK
2307,WABC
2308,BSRR
2309,PFBC
2310,FIBK
2311,BANC
2312,PACW
2313,TBNK
2314,CATY
2315,CVCY
2316,SIVB
2317,CPF
2318,HAFC
2319,TCBK
2320,CVBF
2321,CTBI
2322,SYBT
2323,BXS
2324,IBTX
2325,FCB
2326,TRMK
2327,BBT
2328,CBF
2329,PNFP
2330,FNB
2331,FHN
2332,HBHC
2333,PSTB
2334,OZRK
2335,IBKC
2336,RF
2337,CSFL
2338,RBCAA
2339,SGBK
2340,GSBC
2341,FFIN
2342,QCRH
2343,UMBF
2344,HTLF
2345,OKSB
2346,IBOC
2347,WTBA
2348,PB
2349,COBZ
2350,CFR
2351,BOKF
2352,TCBI
2353,EFSC
2354,ALK
2355,GOL
2356,SKYW
2357,CPA
2358,LUV
2359,JBLU
2360,ALGT
2361,VA
2362,HA
2363,NLY
2364,PSB
2365,DEI
2366,GLPI
2367,ABR
2368,NNN
2369,MITT
2370,CUZ
2371,LAMR
2372,WSR
2373,CYS
2374,FPI
2375,GPT
2376,LXP
2377,OLP
2378,VNO
2379,STWD
2380,GOOD
2381,ARI
2382,IVR
2383,AMT
2384,ACRE
2385,IRET
2386,HASI
2387,CIM
2388,SRC
2389,MTGE
2390,CONE
2391,BXMT
2392,AHH
2393,ESRT
2394,PMT
2395,UMH
2396,STAR
2397,ANH
2398,CMO
2399,BDN
2400,WPC
2401,CXW
2402,RWT
2403,MFA
2404,RAS
2405,SNH
2406,MPW
2407,GEO
2408,HCN
2409,HCP
2410,VTR
2411,HTA
2412,LTC
2413,NHI
2414,SBRA
2415,DOC
2416,OHI
2417,UHT
2418,HR
2419,AHT
2420,DRH
2421,RHP
2422,HT
2423,CLDT
2424,PEB
2425,RLJ
2426,SHO
2427,HST
2428,CHSP
2429,LHO
2430,AHP
2431,EXR
2432,STAG
2433,DCT
2434,DRE
2435,CUBE
2436,FR
2437,PLD
2438,QTS
2439,REXR
2440,MNR
2441,TRNO
2442,PSA
2443,EGP
2444,WRE
2445,KRC
2446,OFC
2447,LPT
2448,CLI
2449,BXP
2450,PDM
2451,COR
2452,FSP
2453,ARE
2454,NYRT
2455,HPP
2456,GOV
2457,CXP
2458,DLR
2459,HIW
2460,CPT
2461,ACC
2462,ARR
2463,EDR
2464,UDR
2465,NRZ
2466,AMH
2467,OAKS
2468,RESI
2469,EQR
2470,NYMT
2471,SUI
2472,AGNC
2473,TWO
2474,AIV
2475,MAA
2476,RSO
2477,AVB
2478,ESS
2479,DX
2480,ELS
2481,TCO
2482,SLG
2483,FRT
2484,GTY
2485,BRX
2486,KIM
2487,ROIC
2488,MAC
2489,HPT
2490,WRI
2491,CDR
2492,DDR
2493,GGP
2494,O
2495,CBL
2496,RPT
2497,AAT
2498,REG
2499,KRG
2500,RPAI
2501,UBA
2502,PEI
2503,EPR
2504,SKT
2505,SPG
2506,CAR
2507,AL
2508,TGH
2509,FLY
2510,GFN
2511,HTZ
2512,AYR
2513,HEES
2514,R
2515,URI
2516,AAN
2517,MGRC
2518,SBAC
2519,TAL
2520,FORR
2521,INCR
2522,QGEN
2523,MYGN
2524,KBH
2525,HOV
2526,LEN
2527,DHI
2528,TPH
2529,MDC
2530,TOL
2531,MTH
2532,TMHC
2533,MHO
2534,AVHI
2535,CVCO
2536,PHM
2537,BZH
2538,MTN
2539,BYD
2540,CNTY
2541,WYNN
2542,LVS
2543,VAC
2544,CACQ
2545,RCL
2546,ERI
2547,PNK
2548,CCL
2549,CZR
2550,PENN
2551,MGM
2552,MCRI
2553,LQ
2554,MPEL
2555,DFRG
2556,DENN
2557,RRGB
2558,JMBA
2559,ZOES
2560,RUTH
2561,BBRG
2562,FRGI
2563,BWLD
2564,BOBE
2565,LUB
2566,HABT
2567,SONC
2568,YUM
2569,DIN
2570,DPZ
2571,RICK
2572,TXRH
2573,WEN
2574,MCD
2575,JACK
2576,LOCO
2577,CBRL
2578,KONA
2579,DNKN
2580,CHUY
2581,DRI
2582,GTIM
2583,EAT
2584,CMG
2585,BJRI
2586,CAKE
2587,TAST
2588,RT
2589,NDLS
2590,BLMN
2591,WMS
2592,CSL
2593,MYE
2594,CTB
2595,GT
2596,TG
2597,CXDC
2598,OCFC
2599,BKMU
2600,FFIC
2601,BSF
2602,WSBF
2603,BOFI
2604,AF
2605,NWBI
2606,STL
2607,NYCB
2608,HMST
2609,COLB
2610,PFS
2611,WAFD
2612,FBC
2613,EBSB
2614,LADR
2615,UBNK
2616,BRKL
2617,BHLB
2618,UCFC
2619,CSBK
2620,CFFN
2621,KRNY
2622,RVSB
2623,ISBC
2624,DCOM
2625,PBCT
2626,MKSI
2627,BMI
2628,LDR
2629,CGNX
2630,TDY
2631,KEYS
2632,FARO
2633,ITRI
2634,GRMN
2635,MIND
2636,RTEC
2637,COHR
2638,VPG
2639,MTSC
2640,LRAD
2641,FLIR
2642,ST
2643,PRCP
2644,ESE
2645,CUB
2646,TRMB
2647,MG
2648,BCO
2649,NSSC
2650,ASCMA
2651,MAGS
2652,KTOS
2653,MSA
2654,SYMC
2655,BRC
2656,CHKP
2657,MANT
2658,VDSI
2659,MLNX
2660,AUO
2661,CY
2662,AVGO
2663,MXIM
2664,STM
2665,NXPI
2666,FORM
2667,AMD
2668,IPHI
2669,GSIT
2670,KOPN
2671,INTC
2672,CAVM
2673,NPTN
2674,IDTI
2675,VSH
2676,MTSI
2677,TXN
2678,POWI
2679,SQNS
2680,MRVL
2681,ADI
2682,TSM
2683,SMTC
2684,ESIO
2685,AAOI
2686,MSCC
2687,CCMP
2688,PRKR
2689,DSPG
2690,TSEM
2691,PMCS
2692,AXTI
2693,PXLW
2694,SLAB
2695,QUIK
2696,SWKS
2697,XLNX
2698,AMKR
2699,DIOD
2700,EMKR
2701,CRUS
2702,FSLR
2703,ALTR
2704,YGE
2705,AOSL
2706,IXYS
2707,SPWR
2708,HIMX
2709,CEVA
2710,JKS
2711,LSCC
2712,CSIQ
2713,UCTT
2714,MCHP
2715,SIGM
2716,VSLR
2717,LLTC
2718,NVDA
2719,MPWR
2720,SOL
2721,MX
2722,JASO
2723,CAMT
2724,NVMI
2725,XCRA
2726,ACLS
2727,TER
2728,ENPH
2729,VECO
2730,AMBA
2731,RBCN
2732,NANO
2733,ASYS
2734,CREE
2735,ENTG
2736,BRKS
2737,KLIC
2738,SNPS
2739,EMAN
2740,ASX
2741,PKE
2742,AMAT
2743,UMC
2744,LRCX
2745,COHU
2746,PLAB
2747,OCLR
2748,KLAC
2749,DQ
2750,IMOS
2751,MXL
2752,IPGP
2753,MU
2754,RMBS
2755,NLST
2756,KEX
2757,SALT
2758,FRO
2759,KNOP
2760,SB
2761,NM
2762,ASC
2763,NAP
2764,CMRE
2765,TOO
2766,TK
2767,GASS
2768,NAO
2769,GLOP
2770,TNK
2771,NMM
2772,DSX
2773,TGP
2774,SBLK
2775,NVGS
2776,EGLE
2777,GLNG
2778,DLNG
2779,SSW
2780,NAT
2781,TNP
2782,CPLP
2783,SFL
2784,GLOG
2785,MATX
2786,GSL
2787,DHT
2788,SSRI
2789,GPL
2790,AG
2791,FSM
2792,CDE
2793,HL
2794,EXK
2795,LECO
2796,TTC
2797,SSD
2798,SNA
2799,AAC
2800,FMS
2801,PRSC
2802,ACHC
2803,HLS
2804,BEAT
2805,USPH
2806,MD
2807,DVA
2808,PAHC
2809,AMRS
2810,KRA
2811,PEIX
2812,LYB
2813,GRA
2814,GURE
2815,OMN
2816,POL
2817,AXTA
2818,WDFC
2819,IFF
2820,SXT
2821,KMG
2822,OLN
2823,IPHS
2824,KOP
2825,ALB
2826,FOE
2827,PAH
2828,SYMX
2829,SHW
2830,KRO
2831,OEC
2832,GPRE
2833,PPG
2834,FUL
2835,RPM
2836,NEU
2837,CBT
2838,HWKN
2839,KWR
2840,WLK
2841,MEOH
2842,SNMX
2843,PZZA
2844,FRSH
2845,SBUX
2846,PBPB
2847,PNRA
2848,ARMK
2849,ZUMZ
2850,XOXO
2851,PCMI
2852,GPC
2853,TCS
2854,VSI
2855,ODP
2856,SBH
2857,EBAY
2858,JMEI
2859,WMAR
2860,KAR
2861,BABA
2862,BKS
2863,FLWS
2864,HZO
2865,FIVE
2866,FINL
2867,ZAGG
2868,MED
2869,MIK
2870,MUSA
2871,FTD
2872,ULTA
2873,TSCO
2874,RCII
2875,BID
2876,HSNI
2878,TA
2879,SEAS
2880,CLUB
2881,TRK
2882,MANU
2883,ISCA
2884,LTM
2885,POOL
2886,NLS
2887,ESCA
2888,ELY
2889,SPWH
2890,HIBB
2891,BGFV
2892,DKS
2893,CAB
2894,TBI
2895,HSII
2896,DHX
2897,RHI
2898,KELYA
2899,MAN
2900,RECN
2901,KFRC
2902,BBSI
2903,KFY
2904,ASGN
2905,CCRN
2906,VISI
2907,PAYX
2908,RCMT
2909,JOBS
2910,ZEUS
2911,SYNL
2912,SXC
2913,STLD
2914,GGB
2915,MTL
2916,SCHN
2917,TX
2918,CMC
2919,MT
2920,ROCK
2921,AKS
2922,NUE
2923,X
2924,NWPX
2925,SID
2926,WOR
2927,PKX
2928,TMST
2929,RS
2930,IIIN
2931,AMBC
2932,AGO
2933,NMIH
2934,FNF
2935,TSE
2936,SYX
2937,INFY
2938,EVOL
2939,ICAD
2940,TYL
2941,PDFS
2942,NATI
2943,ADSK
2944,VMW
2945,ACIW
2946,USAT
2947,SCSC
2948,VRNS
2949,ATTU
2950,PTC
2951,NVEE
2952,KBR
2953,AMRC
2954,ACM
2955,JEC
2956,ENG
2957,EGL
2958,TTEK
2959,ATNI
2960,CBB
2961,CTL
2962,WIN
2963,T
2964,SHEN
2965,CHT
2966,CEL
2967,ALSK
2968,FTR
2969,CALL
2970,VZ
2971,BCE
2972,CNSL
2973,KT
2974,TEF
2975,ORAN
2976,RL
2977,KORS
2978,CRI
2979,HBI
2980,SQBG
2981,COLM
2982,UNF
2983,OXM
2984,PERY
2985,GIL
2986,UA
2987,VFC
2988,GIII
2989,SGC
2990,PVH
2991,VNCE
2992,LULU
2993,BOOT
2994,FL
2995,ICON
2996,SKX
2997,WWW
2998,VRA
2999,DECK
3000,SHOO
3001,COH
3002,NKE
3003,CROX
3004,AIN
3005,UFI
3006,DXYN
3007,TILE
3008,UVV
3009,BBW
3010,HAS
3011,JAKK
3012,MAT
3013,YRCW
3014,ARCB
3015,WERN
3016,ECHO
3017,LSTR
3018,HTLD
3019,CVTI
3020,JBHT
3021,MRTN
3022,CGI
3023,KNX
3024,SAIA
3025,ODFL
3026,HY
3027,WNC
3028,SPAR
3029,OSK
3030,NAV
3031,STS
3032,PCAR
3033,PESI
3034,CWST
3035,VTNR
3036,CLH
3037,CVA
3038,WCN
3039,WM
3040,SMED
3041,RSG
3042,ECOL
3043,SRCL
3044,DAR
3045,WTR
3046,SBS
3047,CWT
3048,SJW
3049,PCYO
3050,MSEX
3051,AWK
3052,ARTNA
3053,YORW
3054,AWR
3055,CWCO
3056,CTWS
3057,TU
3058,USM
3059,RNET
3060,UBNT
3061,S
3062,TDS
3063,CAMP
3064,GSAT
3065,SKM
3066,PCTI
3067,VIV
3068,AMX
3069,IDCC
3070,TSU
3071,CHU
3072,VIP
3073,TKC
3074,UTSI
3075,MBT
3076,SPOK
3077,TMUS
3078,RCI
3079,CHL
3080,ASML
3081,LPG
3082,LBRDA
3083,BNDX
3084,CMFN
3085,FGL
3086,GLAD
3087,GRFS
3088,TQQQ
3089,NWS
3090,GOLD
3091,WLH
3092,VOD
3093,ABDC
3094,ING
3095,RDS-A
3096,TPVG
3097,TCPC
3098,CRESY
3099,LOGI
3100,ARGS
3101,NHTC
3102,GENE
3103,SPIL
3104,DGRW
3105,IBB
3106,ROBO
3107,ACSF
3108,NICE
3109,QQEW
3110,BF-A
3111,TSLX
3112,MVC
3113,PGRE
3114,BRK-B
3115,SCM
3116,QTEC
3117,IFN
3118,PNQI
3119,CRD-A
3120,APTS
3121,PARR
3122,KYN
3123,MZOR
3124,NIHD
3125,RYAAY
3126,ERIC
3127,ARCO
3128,PRFZ
3129,DXJS
3130,NTRP
3131,SNR
3132,LSI
3133,GLYC
3134,ACWX
3135,PSEC
3136,FV
3137,GARS
3138,RUSHA
3139,WOOD
3140,PLAY
3141,SUN
3142,TTOO
3143,SWIR
3144,CAF
3145,GAIN
3146,VBLT
3147,RYI
3148,HCHC
3149,FDUS
3150,ARMH
3151,PBR
3152,SP
3153,SOXX
3154,ALLE
3155,UUUU
3156,PSCH
3157,DSL
3158,TCRD
3159,CBAY
3160,AAXJ
3161,GSVC
3162,EUFN
3163,SVVC
3164,STKL
3165,VTWO
3166,CORR
3167,LC
3168,VCLT
3169,NCLH
3170,FOX
3171,IRT
3172,OGS
3173,FSFR
3174,PAAS
3175,DGICA
3176,OTIC
3177,ANY
3178,AINV
3179,VIA
3180,MRCC
3181,FNFV
3182,INFO
3183,SUNS
3184,HOME
3185,VCIT
3186,RBS
3187,DBVT
3188,BIB
3189,NEWR
3190,PFLT
3191,SIR
3192,KWEB
3193,FSC
3194,MDCA
3195,ORC
3196,CTRE
3197,SIEN
3198,AEG
3199,VWR
3200,QABA
3201,SRF
3202,BRG
3203,SQQQ
3204,BIS
3205,CFG
3206,SLRC
3207,CENTA
3208,EQC
3209,DISCK
3210,GBDC
3211,GMLP
3212,LBTYK
3213,HDP
3214,BKCC
3215,WRD
3216,NMFC
3217,FSIC
3218,CIG
3219,LLEX
3220,CBMG
3221,CPTA
3222,WK
3223,AMFW
3224,RDUS
3225,CIO
3226,FCAU
3227,WPPGY
3228,ATRA
3229,AVH
3230,IGOV
3231,MBUU
3232,ABEV
3233,MCC
3234,SHPG
3235,PCOM
3236,STOR
3237,NEPT
3238,SKIS
3239,ARCC
3240,PNNT
3241,BBRY
3242,PLPM
3243,MOMO
